-140.933642,-140.933642,-140.933642,-140.933642,-135.038826,-119.351488,-119.351488,-119.351488,-119.351488,-119.351488,-102.144027,-102.144027,-102.144027,-102.144027,-102.144027,-100.327807,-90.597409,-55.042367,-55.042367,-55.042367,-55.042367,-55.042367,-55.042367,-48.759534,-48.759534,-48.759534,-48.759534,-48.759534,-32.536312,-32.536312,-32.536312,-32.536312,-32.536312,-18.539154,-18.539154,-18.539154,-18.539154,-18.539154,-18.539154,-18.539154,-18.539154,-16.796574,-16.641690,-14.915333,-14.915333,-14.274134,0.886929,0.886929,0.886929,0.886929,0.886929,0.886929,0.886929,0.886929,0.886929,0.886929,0.886929,0.886929,0.943888,0.943888,0.943888,0.943888,0.943888,0.943888,0.954312,0.954312,0.954312,0.954312,0.954312,0.954312,0.954312,0.954312,0.954312,0.954312,0.954312,0.954312,0.954312,0.954312,0.954312,0.954312,0.959232,0.959232,0.959232,0.959232,0.959232,0.959232,0.959232,0.959232,0.985750,0.985750,0.985750,0.985750,0.985750,0.987091,0.987091,0.987091,0.987091,0.987091,0.987091,0.987091,0.994854,0.994854,1.059861,1.059861,1.059861,1.059861,1.059861,1.059861,1.059861,1.059861,1.059861,1.059861,1.059861,1.059861,1.059861,1.059861,1.059861,1.059861,1.059861,1.059861
-117.511971,-117.511971,-117.511971,-117.511971,-112.423209,-112.423209,-106.300293,-97.782944,-97.782944,-97.782944,-97.782944,-76.911757,-65.145319,-65.145319,-65.145319,-51.018106,-51.018106,-51.018106,-40.215178,-40.215178,-40.215178,-40.215178,-40.215178,-40.215178,-40.215178,-40.215178,-40.215178,-40.215178,-36.410439,-31.386510,-31.386510,-31.386510,-31.386510,-31.386510,-31.386510,-25.242407,-1.652584,0.886632,0.886632,0.886632,0.886632,0.886632,0.886632,0.886632,0.886632,0.886632,0.886632,0.886632,0.886632,0.886632,0.886632,0.886632,0.886632,0.886632,0.886632,0.886632,0.886632,0.886632,0.886632,0.886632,0.886632,0.886632,0.886632,0.886632,0.933895,0.933895,0.933895,0.933895,0.933895,0.933895,0.933895,0.933895,0.933895,0.933895,0.934002,0.934002,0.934002,0.934002,0.934002,0.934002,0.934002,0.934002,0.934002,0.937139,0.937139,1.062463,1.062463,1.062463,1.062463,1.062463,1.062463,1.062463,1.062463,1.062463,1.062463,1.062463,1.062463,1.062463,1.062463,1.062463,1.062463,1.062463,1.062463,1.062463,1.062463,1.062463,1.062463,1.062463,1.062463,1.062463,1.062463,1.062463,1.062463,1.062463,1.062463,1.062463,1.062463,1.062463,1.077783,1.077783
-90.207177,-55.483542,-55.483542,-55.483542,-36.053324,-36.053324,-36.053324,-36.053324,-36.053324,-36.053324,-36.053324,-36.053324,-36.053324,-25.142638,-14.277116,-5.039026,-5.039026,-5.039026,-5.039026,-5.039026,-5.039026,-5.039026,-5.039026,0.761461,0.790086,0.790086,0.790086,0.790086,0.790086,0.790086,0.790086,0.790086,0.790086,0.819693,0.819693,0.819693,0.819693,0.819693,0.819693,0.819693,0.820060,0.820060,0.820060,0.820060,0.820060,0.820060,0.820060,0.820785,0.820785,0.820785,0.820785,0.821757,0.821757,0.821757,0.836338,0.836338,0.836338,0.836338,0.836338,0.836338,0.836338,0.836338,0.836338,0.836338,0.836338,0.848451,0.873600,0.873600,0.873600,0.965011,0.965011,1.024184,1.024184,1.024184,1.024184,1.024184,1.024184,1.024184,1.024184,1.024184,1.024184,1.068249,1.068249,1.068249,1.068249,1.068249,1.068249,1.068249,1.068249,1.068249,1.068249,1.068298,1.068298,1.068298,1.068298,1.069490,1.069490,1.069490,1.069490,1.069490,1.069490,1.069490,1.069490,1.069490,1.069490,1.069490,1.069490,1.069490,1.069490,1.069490,1.069490,1.069490,1.069490,1.069490,1.069490,1.069490,1.071689,1.071689,1.091937,1.091937
-226.043377,-215.372173,-215.372173,-192.993543,-192.993543,-192.993543,-192.993543,-149.234636,-149.234636,-149.234636,-149.234636,-149.234636,-149.234636,-149.234636,-149.234636,-149.234636,-136.311892,-136.311892,-136.311892,-136.311892,-112.078457,-107.991228,-107.991228,-107.991228,-107.991228,-107.991228,-107.991228,-107.991228,-107.991228,-107.546713,-107.546713,-106.166599,-88.357822,-88.357822,-88.357822,-88.357822,-88.357822,-88.357822,-67.324648,-67.324648,-67.324648,-67.324648,-50.398726,-50.398726,-50.398726,-50.398726,-50.398726,-50.398726,-50.398726,-50.398726,-50.398726,-50.398726,-50.398726,-50.398726,-50.398726,-50.398726,-50.398726,-50.398726,-50.398726,-39.019944,-39.019944,-39.019944,-39.019944,-39.019944,-39.019944,-39.019944,-39.019944,-39.019944,-39.019944,-39.019944,-39.019944,-39.019944,-39.019944,-39.019944,-39.019944,-39.019944,-39.019944,-39.019944,-39.019944,-39.019944,-39.019944,-39.019944,-39.019944,-28.760236,-28.760236,-28.760236,-28.760236,-28.760236,-28.760236,-28.760236,-28.760236,-28.760236,-28.760236,-28.760236,-28.760236,-28.760236,-28.760236,-28.760236,-28.760236,-28.760236,-28.760236,-28.760236,-28.760236,-28.760236,-28.760236,-28.760236,-28.760236,-28.760236,-28.760236,-28.760236,-28.760236,-28.760236,-28.760236,-28.760236,-28.760236,-28.760236,-28.760236,-28.760236,-28.760236,-28.760236
-128.035656,-125.823756,-115.632593,-104.110799,-104.110799,-104.110799,-83.896011,-83.896011,-83.896011,-83.896011,-72.885680,-72.885680,-72.885680,-72.885680,-72.885680,-44.685542,-34.859711,-34.859711,-34.859711,-34.859711,-34.859711,-34.859711,-34.514616,-34.514616,-34.514616,-33.608395,-25.723371,-25.723371,-22.404759,-11.149848,-11.149848,-11.149848,-11.149848,-10.229244,-8.473358,-2.521656,-2.521656,0.975593,0.975593,1.046180,1.046180,1.046180,1.046180,1.046180,1.046180,1.046180,1.046180,1.046180,1.049618,1.049618,1.049618,1.049618,1.049618,1.051108,1.051108,1.051108,1.052595,1.052595,1.061435,1.061435,1.061435,1.061435,1.061435,1.061435,1.061435,1.061435,1.061435,1.061435,1.061435,1.061435,1.061435,1.061435,1.061435,1.061435,1.061435,1.061435,1.061435,1.061435,1.061435,1.061435,1.061435,1.061435,1.061435,1.061435,1.062337,1.062337,1.068773,1.068773,1.068773,1.068773,1.068773,1.068773,1.068773,1.068773,1.068773,1.068773,1.068773,1.068773,1.068773,1.068773,1.068773,1.068773,1.068773,1.078520,1.078520,1.078520,1.078520,1.078520,1.078520,1.078520,1.078520,1.078520,1.078520,1.078520,1.078520,1.078520,1.078520,1.078520,1.078520,1.078520
-314.676666,-264.268074,-264.268074,-264.268074,-261.536859,-237.862432,-233.435329,-233.435329,-233.435329,-233.435329,-233.435329,-233.435329,-233.435329,-233.435329,-228.113124,-207.643273,-207.643273,-207.643273,-207.643273,-186.771948,-186.727615,-180.297699,-180.297699,-176.410803,-162.980691,-162.980691,-162.980691,-162.980691,-162.980691,-149.749717,-149.749717,-149.749717,-149.749717,-149.749717,-149.749717,-143.024204,-143.024204,-143.024204,-143.024204,-143.024204,-143.024204,-120.723461,-120.723461,-103.308290,-103.308290,-103.308290,-103.308290,-97.445257,-97.445257,-97.445257,-97.445257,-97.445257,-97.445257,-97.445257,-97.445257,-97.445257,-97.445257,-97.445257,-97.445257,-97.445257,-97.445257,-97.445257,-97.445257,-97.445257,-95.665727,-92.589020,-92.589020,-92.589020,-92.589020,-92.589020,-91.066957,-91.066957,-91.066957,-83.783664,-83.783664,-83.783664,-83.783664,-83.783664,-83.783664,-83.783664,-83.783664,-83.783664,-83.783664,-83.783664,-83.783664,-81.963440,-81.963440,-81.963440,-81.963440,-74.519277,-74.519277,-74.519277,-74.519277,-74.519277,-74.519277,-74.519277,-74.519277,-74.519277,-74.519277,-74.519277,-74.519277,-74.519277,-74.519277,-74.519277,-74.519277,-74.519277,-74.519277,-74.519277,-74.519277,-74.519277,-70.658811,-70.658811,-50.469650,-50.469650,-50.469650,-50.469650,-50.469650,-50.469650,-50.469650,-50.469650
-133.840198,-133.840198,-133.840198,-96.817138,-96.817138,-84.185359,-84.185359,-66.376652,-58.309093,-58.309093,-58.309093,-58.309093,-58.309093,-33.819215,-33.819215,-33.819215,-33.819215,-33.819215,-33.819215,-33.819215,-32.237798,-32.237798,-32.237798,-25.513029,-25.513029,-25.513029,-15.960820,-15.960820,-4.240660,-4.240660,-4.240660,-4.240660,-4.240660,-3.062292,-3.062292,0.893820,0.893820,0.893820,0.893820,0.893820,0.893820,0.893820,0.893820,0.893820,0.893820,0.895244,0.895244,0.895244,0.895244,0.895244,0.953049,0.953049,0.953049,0.953049,0.953049,0.953858,0.953858,0.953858,0.953858,0.953858,0.954377,0.954377,0.954377,0.954377,0.954377,0.954377,0.954377,0.954377,0.954377,0.954377,0.954377,0.954377,0.954380,0.954380,0.954380,0.954380,0.954380,0.954380,0.954380,0.954767,0.954767,0.954767,0.954767,0.954767,0.954767,0.954767,1.028910,1.051154,1.051154,1.051154,1.051154,1.051154,1.051154,1.051154,1.051154,1.051154,1.051154,1.051154,1.051154,1.051154,1.051154,1.051154,1.051154,1.051154,1.051154,1.051154,1.051154,1.051154,1.051154,1.051154,1.051154,1.051154,1.051154,1.051154,1.051154,1.062881,1.062881,1.062881,1.062881,1.062881
-99.028194,-99.028194,-99.028194,-99.028194,-99.028194,-99.028194,-61.183878,-61.183878,-61.183878,-61.183878,-61.183878,-61.183878,-60.832888,-60.832888,-60.832888,-60.832888,-59.891624,-59.891624,-34.934579,-34.934579,-34.934579,-34.934579,-24.191202,-24.191202,-24.191202,-18.998140,-18.998140,-8.743354,-8.743354,-8.743354,-8.743354,-8.743354,-8.743354,0.286996,0.286996,0.286996,0.286996,0.846330,0.846330,0.846330,0.849619,0.849619,0.849619,0.849619,0.849619,0.849619,0.849619,0.849619,0.849619,0.875836,0.875836,0.921486,0.921486,0.921486,0.921486,0.921486,0.939086,0.939086,0.939086,0.941244,0.941244,0.941244,0.941244,0.941244,0.941244,0.941244,0.942103,0.942103,0.942103,0.942103,0.942103,0.942103,0.942103,0.942103,0.942103,0.942103,0.942622,0.942622,0.942622,0.942622,0.943255,0.943255,0.943255,1.041718,1.041718,1.067131,1.067131,1.067131,1.067131,1.067131,1.067131,1.067131,1.067131,1.067131,1.067131,1.067131,1.067131,1.067131,1.067131,1.067131,1.067131,1.067131,1.067131,1.067131,1.067571,1.067571,1.067571,1.067571,1.067571,1.067571,1.067571,1.067571,1.067571,1.070229,1.070229,1.070229,1.070229,1.070229,1.070229,1.072980
-338.977017,-300.088901,-300.088901,-300.088901,-259.298882,-259.298882,-259.298882,-247.035166,-247.035166,-200.505039,-200.505039,-200.505039,-200.505039,-200.505039,-200.505039,-178.523692,-178.523692,-178.523692,-178.523692,-178.523692,-178.523692,-155.984889,-155.984889,-155.984889,-155.984889,-155.984889,-155.984889,-155.984889,-120.743515,-120.743515,-120.743515,-120.743515,-120.743515,-120.743515,-120.743515,-120.743515,-120.743515,-120.743515,-120.743515,-120.743515,-120.743515,-120.743515,-120.743515,-120.743515,-120.743515,-120.743515,-120.743515,-120.743515,-120.743515,-115.160591,-113.924057,-113.924057,-113.924057,-94.278097,-94.278097,-94.278097,-94.278097,-94.278097,-94.278097,-89.541537,-89.541537,-89.541537,-89.541537,-89.541537,-89.541537,-89.541537,-89.541537,-87.115756,-87.115756,-77.729880,-70.906708,-62.775073,-62.775073,-62.775073,-62.775073,-62.775073,-62.775073,-62.775073,-62.775073,-62.775073,-62.775073,-62.775073,-62.775073,-62.775073,-62.775073,-62.775073,-62.775073,-62.775073,-62.775073,-62.775073,-62.775073,-62.775073,-62.775073,-62.775073,-62.775073,-62.775073,-62.775073,-62.775073,-62.775073,-62.775073,-62.775073,-62.775073,-62.775073,-62.775073,-62.775073,-62.775073,-62.775073,-62.775073,-62.775073,-62.775073,-62.775073,-62.775073,-60.860673,-60.860673,-60.860673,-60.860673,-60.860673,-60.860673,-60.406925,-60.406925
-109.118334,-109.118334,-109.118334,-86.315211,-86.315211,-68.146736,-68.146736,-68.146736,-68.146736,-57.613821,-57.613821,-54.176497,-54.176497,-54.176497,-54.176497,-37.283203,-37.283203,-27.181299,-27.181299,-27.181299,-27.181299,-27.181299,-24.200737,-24.200737,-23.098418,-15.323368,-15.323368,0.858251,0.858251,0.858251,0.872564,0.872564,0.873045,0.873045,0.873045,0.873045,0.873045,0.873045,0.873045,0.909976,0.909976,0.909976,0.909976,0.909976,0.909976,0.909976,0.909976,0.909976,0.909976,0.909976,0.909976,0.910756,0.910756,0.910756,1.054873,1.054873,1.054873,1.054873,1.054873,1.054873,1.054873,1.054873,1.054873,1.054873,1.054873,1.054873,1.054873,1.059922,1.059922,1.062601,1.062601,1.062601,1.062601,1.062601,1.062601,1.062601,1.062601,1.062601,1.062601,1.062601,1.062601,1.062601,1.063906,1.063906,1.063906,1.064671,1.064671,1.074019,1.074019,1.074019,1.074019,1.074019,1.074019,1.074019,1.074019,1.074019,1.074019,1.074746,1.074746,1.079413,1.079413,1.079413,1.079413,1.079413,1.079413,1.096759,1.096759,1.096759,1.096759,1.096759,1.096759,1.096759,1.096759,1.096759,1.096759,1.096759,1.096759,1.096759,1.096759,1.096759
-320.691563,-320.691563,-320.691563,-320.691563,-316.983152,-282.312995,-282.312995,-282.312995,-282.312995,-229.835535,-229.835535,-229.835535,-229.835535,-229.835535,-229.835535,-229.835535,-229.835535,-229.835535,-227.805257,-227.805257,-215.585594,-215.585594,-215.585594,-215.585594,-215.426637,-199.495857,-199.495857,-199.495857,-159.075556,-159.075556,-159.075556,-159.075556,-159.075556,-159.075556,-159.075556,-159.075556,-159.075556,-159.075556,-159.075556,-159.075556,-159.075556,-159.075556,-159.075556,-159.075556,-158.169529,-148.276145,-148.276145,-136.147019,-136.147019,-136.147019,-136.147019,-136.147019,-119.321666,-119.321666,-119.321666,-119.321666,-119.321666,-119.321666,-119.321666,-119.321666,-119.321666,-119.321666,-119.321666,-119.321666,-119.321666,-119.321666,-119.321666,-119.321666,-119.321666,-118.571573,-118.571573,-118.571573,-118.571573,-103.027651,-103.027651,-103.027651,-103.027651,-103.027651,-103.027651,-103.027651,-97.602811,-97.602811,-97.602811,-97.602811,-97.602811,-93.209413,-93.209413,-93.209413,-93.209413,-93.209413,-80.566884,-80.566884,-80.566884,-80.566884,-80.566884,-80.566884,-80.566884,-80.566884,-80.566884,-80.566884,-80.566884,-80.566884,-80.566884,-80.566884,-80.566884,-80.566884,-80.566884,-80.566884,-80.566884,-80.566884,-80.566884,-80.566884,-80.566884,-80.566884,-80.566884,-80.566884,-80.566884,-80.566884,-80.566884,-80.566884
-314.403064,-314.403064,-266.506275,-266.506275,-266.506275,-266.506275,-250.661790,-250.241456,-236.782728,-236.782728,-191.407050,-191.407050,-191.407050,-191.407050,-191.407050,-191.407050,-149.539232,-149.539232,-149.539232,-149.539232,-149.539232,-141.404815,-141.404815,-141.404815,-129.643793,-129.643793,-123.455111,-123.455111,-123.455111,-123.455111,-123.455111,-123.455111,-123.455111,-123.455111,-123.455111,-119.026538,-119.026538,-119.026538,-116.183505,-97.149173,-97.149173,-74.269189,-74.269189,-74.269189,-74.269189,-74.269189,-74.269189,-74.269189,-74.269189,-74.269189,-74.269189,-74.269189,-66.766211,-66.766211,-66.766211,-66.766211,-57.685873,-57.685873,-57.685873,-57.685873,-57.685873,-57.685873,-57.685873,-57.685873,-57.685873,-53.319992,-53.319992,-48.494222,-48.494222,-48.494222,-48.494222,-48.494222,-48.494222,-48.494222,-48.494222,-48.494222,-48.494222,-48.494222,-48.494222,-48.494222,-48.494222,-32.008469,-32.008469,-32.008469,-32.008469,-32.008469,-32.008469,-32.008469,-32.008469,-32.008469,-32.008469,-32.008469,-32.008469,-32.008469,-32.008469,-32.008469,-32.008469,-32.008469,-32.008469,-32.008469,-32.008469,-32.008469,-32.008469,-32.008469,-32.008469,-32.008469,-32.008469,-32.008469,-32.008469,-32.008469,-32.008469,-32.008469,-32.008469,-32.008469,-32.008469,-32.008469,-32.008469,-32.008469,-32.008469,-32.008469
-109.532108,-109.532108,-109.532108,-109.532108,-109.532108,-96.465380,-96.465380,-91.493885,-91.493885,-60.857511,-60.857511,-60.857511,-60.694289,-60.694289,-60.694289,-47.542617,-47.542617,-47.542617,-46.887459,-26.735780,-26.735780,-26.735780,-26.735780,-26.735780,-26.735780,-14.510211,-14.510211,-14.510211,-14.510211,-14.510211,-14.510211,-12.365868,-12.365868,-3.584652,-3.584652,-3.584652,-3.584652,-3.584652,-3.584652,-3.584652,0.443842,0.671639,0.671639,0.673959,0.853973,0.853973,0.857937,0.857937,0.857937,0.857937,1.036705,1.036705,1.036705,1.036705,1.036705,1.036705,1.036705,1.048417,1.048417,1.048417,1.067023,1.067023,1.067023,1.067023,1.067023,1.067023,1.067023,1.067023,1.067023,1.067023,1.067023,1.067023,1.067023,1.067023,1.067023,1.067023,1.067023,1.067023,1.067023,1.067023,1.067023,1.067023,1.067023,1.067023,1.067023,1.067023,1.067023,1.067023,1.067023,1.067023,1.067023,1.067023,1.067023,1.067023,1.067023,1.067023,1.067023,1.067023,1.067023,1.067023,1.067023,1.067023,1.067023,1.070975,1.070975,1.070975,1.070975,1.070975,1.070975,1.070975,1.070975,1.070975,1.070975,1.070975,1.070975,1.070975,1.070975,1.070975,1.070975,1.070975
-125.382855,-123.541177,-101.100457,-83.955653,-67.218111,-67.218111,-62.061124,-62.061124,-62.061124,-52.291943,-52.291943,-51.822959,-29.268872,-29.268872,-29.268872,-29.268872,-29.230625,-28.225864,-28.225864,-28.225864,-4.776121,-4.776121,-4.776121,-4.776121,-1.959905,-1.959905,-1.959905,0.797544,0.797544,0.797544,0.797781,0.797781,0.797781,0.797781,0.797781,0.797781,0.798083,0.798083,0.798083,0.798083,0.812313,0.812313,0.812313,1.011944,1.011944,1.011944,1.011944,1.011944,1.011944,1.011944,1.011944,1.011944,1.011944,1.011944,1.011944,1.011944,1.011944,1.011944,1.011944,1.011944,1.011944,1.011944,1.011944,1.011944,1.011944,1.011944,1.011944,1.011944,1.024961,1.024961,1.024961,1.024961,1.024961,1.024961,1.024961,1.024961,1.024961,1.024961,1.024961,1.024961,1.024961,1.024961,1.024961,1.024961,1.024961,1.024961,1.024961,1.024961,1.024961,1.024961,1.024961,1.024961,1.024961,1.024961,1.024961,1.024961,1.024961,1.024961,1.024961,1.024961,1.024961,1.024961,1.024961,1.024961,1.024961,1.024961,1.024961,1.024961,1.024961,1.024961,1.024961,1.024961,1.024961,1.024961,1.024961,1.024961,1.024961,1.024961,1.024961,1.024961
-350.375450,-350.375450,-307.520424,-307.520424,-307.520424,-303.079547,-279.570033,-279.570033,-236.327593,-236.327593,-236.327593,-236.327593,-236.327593,-236.327593,-236.327593,-236.327593,-236.327593,-236.327593,-233.743241,-233.743241,-222.732935,-222.732935,-222.732935,-203.124621,-203.124621,-203.124621,-178.063457,-178.063457,-178.063457,-178.063457,-146.756108,-146.756108,-146.756108,-136.084656,-136.084656,-136.084656,-136.084656,-136.084656,-136.084656,-136.084656,-129.017621,-129.017621,-129.017621,-129.017621,-129.017621,-129.017621,-129.017621,-129.017621,-124.156473,-124.156473,-112.863470,-112.863470,-112.863470,-112.863470,-112.863470,-112.863470,-112.863470,-112.863470,-112.863470,-112.863470,-112.863470,-112.863470,-112.863470,-112.863470,-112.863470,-112.863470,-112.863470,-112.863470,-112.863470,-112.863470,-112.863470,-112.863470,-112.863470,-112.863470,-112.863470,-112.863470,-112.863470,-112.863470,-107.100583,-107.100583,-107.100583,-107.100583,-107.100583,-107.100583,-107.100583,-107.100583,-107.100583,-100.360471,-100.360471,-100.360471,-100.360471,-100.360471,-100.360471,-100.360471,-100.360471,-100.360471,-100.360471,-100.360471,-100.360471,-100.360471,-100.360471,-100.360471,-100.360471,-100.360471,-100.360471,-100.360471,-100.360471,-100.360471,-100.360471,-87.684870,-87.684870,-87.684870,-87.684870,-87.684870,-87.684870,-87.684870,-87.684870,-87.684870,-87.684870,-87.684870
-212.845120,-210.370605,-180.014756,-180.014756,-171.276708,-170.636758,-167.798450,-167.798450,-159.925325,-153.251529,-153.251529,-148.958054,-127.635613,-111.720200,-111.720200,-111.720200,-111.131335,-111.131335,-111.131335,-102.179042,-102.179042,-102.179042,-88.649755,-88.649755,-68.608417,-68.608417,-68.608417,-68.608417,-68.608417,-68.608417,-59.683291,-59.683291,-59.683291,-54.774889,-54.774889,-37.555409,-37.555409,-35.961895,-20.875404,-20.875404,-20.875404,-20.875404,-20.875404,-20.875404,-20.875404,-12.028329,-12.028329,-12.028329,-12.028329,-12.028329,-12.028329,-12.028329,-12.028329,-12.028329,-12.028329,-12.028329,-12.028329,-2.578113,-2.578113,-2.578113,-2.578113,-2.578113,-2.578113,-2.578113,-2.578113,-2.578113,-2.578113,0.820968,0.820968,0.820968,0.820968,0.820968,0.820968,0.820968,0.885850,0.885850,0.885850,0.885850,0.885850,0.885850,0.885850,0.885850,0.885850,0.885850,0.885850,0.998189,0.998189,0.998189,0.998189,0.998189,0.998189,0.998189,0.998189,0.998189,0.998189,0.998189,0.998189,0.998189,0.998189,0.998189,0.998189,0.998189,0.998189,0.998189,0.998189,0.998189,0.998189,0.998189,0.998189,0.998189,0.998189,0.998189,0.998189,0.998189,0.998189,0.998189,0.998189,0.998189,0.998189,0.998189
-121.213833,-121.213833,-119.681521,-119.681521,-112.812307,-112.812307,-112.812307,-97.731146,-94.660367,-94.660367,-80.948486,-80.948486,-80.948486,-80.046805,-70.584190,-70.584190,-70.584190,-60.433977,-60.433977,-60.433977,-43.273421,-43.273421,-43.273421,-43.273421,-25.481358,-25.481358,-25.481358,-25.481358,-19.903262,-19.903262,-17.626185,-17.626185,-17.626185,-17.626185,-17.626185,-13.712794,-13.712794,-4.714967,-4.714967,-4.714967,-4.714967,0.703859,0.710625,0.710625,0.710625,0.710625,0.710625,0.734985,0.734985,0.734985,0.734985,0.734985,0.734985,0.734985,0.740413,0.909519,0.909519,0.909519,0.909519,0.909519,0.909519,0.909519,0.909519,0.909519,0.909519,0.909519,0.909519,0.909519,0.909519,0.909519,0.909519,0.909519,0.909519,0.909519,0.909519,0.909519,0.909519,0.909519,0.909519,0.909519,0.909519,0.909519,0.909519,0.909519,0.909519,0.909519,0.923914,0.923914,0.923914,0.923914,0.923914,0.923914,0.923914,0.923914,0.923914,0.923914,0.923914,0.923914,0.923914,0.923914,0.923914,0.923914,0.923914,0.923914,0.923914,0.923914,0.923914,0.923914,0.923914,0.923914,0.923914,0.923914,0.923914,0.923914,0.923914,0.923914,0.923914,0.923914,0.923914,0.923914
-392.055903,-307.096076,-307.096076,-307.096076,-307.096076,-307.096076,-307.096076,-307.096076,-307.096076,-295.378345,-262.637328,-262.637328,-262.433966,-262.433966,-256.023392,-256.023392,-244.649914,-244.649914,-244.649914,-237.913568,-232.632019,-232.632019,-232.632019,-221.522400,-221.522400,-190.203930,-151.562073,-151.562073,-141.955896,-141.955896,-141.955896,-141.955896,-141.955896,-141.955896,-141.955896,-141.955896,-141.955896,-131.426422,-131.426422,-131.426422,-131.426422,-131.426422,-131.426422,-131.426422,-131.426422,-131.426422,-130.663995,-130.663995,-130.663995,-130.663995,-113.542503,-113.542503,-113.542503,-113.542503,-113.542503,-113.542503,-113.542503,-113.542503,-113.542503,-113.542503,-113.542503,-113.542503,-113.542503,-113.542503,-113.542503,-113.542503,-113.542503,-113.542503,-113.542503,-113.542503,-113.542503,-113.542503,-113.542503,-113.542503,-108.872935,-108.872935,-108.872935,-108.872935,-99.476888,-99.476888,-99.476888,-90.699418,-90.699418,-79.129759,-79.129759,-79.129759,-79.129759,-79.129759,-79.129759,-79.129759,-79.129759,-79.129759,-79.129759,-79.129759,-79.129759,-79.129759,-79.129759,-79.129759,-79.129759,-79.129759,-79.129759,-79.129759,-79.129759,-79.129759,-79.129759,-79.129759,-79.129759,-79.129759,-79.129759,-79.129759,-79.129759,-79.129759,-79.129759,-79.129759,-79.129759,-79.129759,-79.129759,-79.129759,-79.129759,-44.304719
-128.466588,-105.142792,-105.142792,-85.740854,-59.939366,-35.085432,-35.085432,-35.085432,-35.085432,-35.085432,-35.085432,-35.085432,-35.085432,-31.769734,-31.769734,-31.769734,-31.769734,-16.006559,-16.006559,-15.707463,-15.707463,-15.707463,-15.707463,0.688225,0.688225,0.688225,0.688225,0.688225,0.688225,0.688225,0.932107,0.932107,0.932107,0.932107,0.938129,0.938129,0.938129,0.938129,0.938129,0.938129,0.938129,0.938129,0.938129,0.939601,0.939601,0.939601,0.939601,0.939601,0.939601,0.939601,0.939601,0.939601,0.939601,0.939601,0.939601,0.939601,0.939601,0.939601,0.939601,0.939601,0.939792,0.940310,0.958161,0.958161,0.958161,0.958161,0.958161,0.958161,0.958161,0.958671,0.962084,0.962084,0.962084,0.962084,0.962084,0.991359,0.991359,0.991359,0.991359,0.991359,0.991359,0.991359,0.991359,0.991359,0.991359,0.991359,0.991359,0.991359,0.991359,0.991359,0.991359,0.991359,0.991521,0.991521,0.991521,0.991521,0.991521,0.991521,0.991521,0.991521,0.991521,0.991521,0.991521,0.991521,0.991590,0.994130,0.994130,0.994130,0.994130,0.997338,0.997338,0.997338,0.997338,0.997338,0.997338,0.997338,0.997338,0.997338,0.997338,0.997338
-129.849936,-129.849936,-129.849936,-109.121428,-109.121428,-88.326248,-82.057488,-82.057488,-82.057488,-82.057488,-82.057488,-82.057488,-82.057488,-81.454442,-81.454442,-81.454442,-66.168490,-46.706346,-46.706346,-46.706346,-46.706346,-37.607267,-37.607267,-37.607267,-37.607267,-37.607267,-28.095750,-21.007530,-21.007530,-21.007530,-20.875274,-20.875274,-20.875274,-20.875274,-20.875274,-20.875274,-20.875274,-20.875274,-20.812084,-7.212889,-2.861788,-2.861788,-1.213715,-0.106656,-0.106656,0.814280,0.814280,0.814280,0.814280,0.967652,0.967652,0.967652,0.967652,0.967652,0.967652,0.967652,0.967652,0.967652,0.967652,0.970462,0.970462,0.970462,0.970462,0.970462,0.970462,0.970462,0.970462,0.970462,0.970462,0.970462,0.970462,0.970462,0.970462,0.970462,0.970462,1.052163,1.052163,1.052163,1.052163,1.052163,1.052163,1.052163,1.052163,1.052163,1.052163,1.052163,1.052163,1.052163,1.052163,1.052163,1.052163,1.052163,1.052163,1.052163,1.052163,1.052163,1.052163,1.052366,1.052366,1.052366,1.052366,1.052366,1.052366,1.052366,1.052366,1.052366,1.052366,1.052366,1.052366,1.052366,1.052366,1.052366,1.052366,1.052366,1.052366,1.052366,1.052366,1.052366,1.052366,1.052366
-359.935495,-298.949824,-298.949824,-298.949824,-298.949824,-298.949824,-289.399146,-289.399146,-289.399146,-289.399146,-279.471357,-279.471357,-279.471357,-279.471357,-279.471357,-279.471357,-275.355721,-255.834040,-239.515203,-211.816950,-211.816950,-211.816950,-211.816950,-211.816950,-211.816950,-209.881636,-209.881636,-196.836639,-196.836639,-196.836639,-186.735671,-186.735671,-186.242324,-186.242324,-156.276874,-156.276874,-156.276874,-156.276874,-156.276874,-156.276874,-156.276874,-156.276874,-156.276874,-156.276874,-156.276874,-156.276874,-156.276874,-149.367883,-149.367883,-149.367883,-141.328167,-141.328167,-132.466286,-132.466286,-132.466286,-132.466286,-132.466286,-132.466286,-132.466286,-132.466286,-132.466286,-128.507063,-128.507063,-128.507063,-128.507063,-128.507063,-128.507063,-128.507063,-128.507063,-128.507063,-128.507063,-128.507063,-128.507063,-128.507063,-124.505708,-124.505708,-124.505708,-123.003979,-123.003979,-118.282265,-105.347172,-105.347172,-105.347172,-105.347172,-105.347172,-105.347172,-105.347172,-105.347172,-105.347172,-105.347172,-105.347172,-105.347172,-105.347172,-105.347172,-105.347172,-105.347172,-105.347172,-105.347172,-105.347172,-105.347172,-105.347172,-105.347172,-104.345163,-104.345163,-102.964794,-71.078579,-71.078579,-71.078579,-71.078579,-71.078579,-71.078579,-71.078579,-71.078579,-71.078579,-71.078579,-71.078579,-71.078579,-71.078579,-71.078579,-71.078579
-161.292461,-159.567833,-122.883216,-122.883216,-116.887095,-82.242292,-82.242292,-82.242292,-82.242292,-82.242292,-79.267189,-79.267189,-79.267189,-68.775135,-68.775135,-68.775135,-68.775135,-68.775135,-50.607098,-50.607098,-50.607098,-50.607098,-50.607098,-37.448029,-37.448029,-31.061983,-31.061983,-25.594750,-25.594750,-25.594750,-24.529931,-24.529931,-24.529931,0.865103,0.865103,0.865103,0.865103,0.865103,0.865103,0.865103,0.865103,0.865103,0.865103,0.924730,0.924730,0.924730,0.924730,0.924730,0.924730,0.924730,0.924730,0.924730,0.924730,0.924730,0.924730,0.924730,0.924730,0.953681,1.026608,1.026608,1.026608,1.026608,1.026608,1.026608,1.026608,1.026608,1.026608,1.026608,1.026608,1.026608,1.026608,1.026608,1.041757,1.041757,1.041757,1.041757,1.041757,1.041757,1.041757,1.041757,1.041757,1.041757,1.041757,1.041757,1.041757,1.041757,1.041757,1.050555,1.050555,1.050555,1.050555,1.050555,1.050555,1.050555,1.050555,1.050555,1.050555,1.050555,1.050555,1.050555,1.050555,1.050555,1.050555,1.050555,1.050555,1.050555,1.050555,1.050555,1.050555,1.050555,1.077487,1.077487,1.077487,1.077487,1.077487,1.077487,1.077487,1.077487,1.077487,1.077487
-124.218388,-120.291578,-108.695300,-104.662494,-104.029361,-82.716029,-82.716029,-82.716029,-44.751574,-44.751574,-44.751574,-26.938814,-13.879325,-13.879325,-13.879325,-13.879325,-13.879325,0.729319,0.729319,0.729319,0.729319,0.729319,0.729319,0.773638,0.773638,0.773638,0.774610,0.774610,0.774610,0.774610,0.774610,0.774610,0.775097,0.775097,0.775097,0.775097,0.775097,0.775097,0.775097,0.775097,0.776307,0.776307,0.776307,0.776307,0.776307,0.776307,0.776307,0.776307,0.811651,0.811651,0.811651,0.811651,0.811651,0.811651,0.811651,0.811651,0.811651,0.811651,0.811651,0.811651,0.811651,0.811651,0.811651,0.811651,0.811651,0.811651,0.811651,0.811651,0.811651,0.811651,0.811651,0.811651,0.811651,0.811651,0.811651,0.811651,0.811651,0.811651,0.811651,0.826290,0.826290,0.826290,0.826290,0.826290,0.826290,0.826290,0.826290,0.826290,0.826290,0.826290,0.826290,0.826290,0.826290,0.826627,0.826627,0.826627,0.827499,0.827499,0.827499,0.827499,0.863821,0.863821,0.863821,0.865004,0.865004,0.865004,0.865004,0.865004,0.865004,0.865004,0.865004,0.865004,0.865004,0.865004,0.865004,0.865004,0.865004,0.865004,0.865004,0.865004
-125.050589,-66.653292,-66.653292,-66.653292,-66.653292,-66.653292,-22.505761,-22.505761,-22.505761,-22.505761,-22.505761,-22.505761,-22.505761,-22.505761,-22.505761,-11.642390,-11.642390,-11.642390,0.931484,0.931484,0.931484,0.931484,0.931484,0.931484,0.931484,0.932308,0.939605,0.939605,0.939605,0.939605,0.939605,0.939605,0.939605,0.939605,0.939605,0.946692,0.946692,0.946692,0.946692,0.946692,0.946692,0.946692,0.946692,0.946692,0.946692,0.946692,0.946692,0.947067,0.947067,0.947067,0.947676,0.988483,0.988483,0.988483,0.988483,0.988483,0.988483,1.008993,1.008993,1.008993,1.008993,1.008993,1.035800,1.035800,1.035800,1.035800,1.035800,1.035800,1.044037,1.044037,1.044037,1.044037,1.044037,1.044037,1.044863,1.044863,1.044863,1.044863,1.044863,1.044863,1.044863,1.044863,1.044863,1.044863,1.046529,1.046529,1.046529,1.046529,1.046529,1.046529,1.046529,1.046529,1.046529,1.046529,1.046529,1.047327,1.047327,1.047327,1.047327,1.047327,1.047327,1.075977,1.075977,1.075977,1.075977,1.075977,1.075977,1.075977,1.075977,1.075977,1.075977,1.075977,1.075977,1.075977,1.075977,1.075977,1.075977,1.075977,1.075977,1.075977
-171.978460,-154.246004,-152.781968,-151.543284,-137.673758,-122.498968,-122.498968,-122.498968,-122.498968,-103.110366,-103.110366,-103.110366,-103.110366,-97.244052,-95.354799,-95.354799,-95.354799,-59.724576,-59.724576,-59.724576,-59.724576,-59.724576,-56.705330,-56.705330,-56.705330,-56.705330,-40.601856,-31.793947,-31.793947,-31.793947,-31.793947,-31.793947,-31.793947,-31.793947,-27.055648,-23.139931,-23.139931,-23.139931,-23.139931,-23.139931,-8.003242,-8.003242,-8.003242,-8.003242,-8.003242,-4.693190,-4.693190,-4.693190,-4.693190,-4.693190,-4.693190,-4.693190,-1.740421,-1.740421,0.667248,0.667248,0.667248,0.667248,0.667248,0.667248,0.667248,0.975793,0.975793,0.975793,0.975793,0.975793,0.975793,0.975793,0.975793,0.975793,0.975793,0.975793,0.975793,0.975793,0.975793,0.975793,0.975793,0.975793,0.975793,0.975793,0.975793,0.975793,0.975793,0.975793,0.975793,0.975793,0.975793,0.975793,0.975793,0.975793,0.975793,0.975793,0.975793,0.975793,0.975793,0.975793,1.017907,1.017907,1.017907,1.017907,1.017907,1.017907,1.017907,1.017907,1.017907,1.017907,1.017907,1.017907,1.017907,1.017907,1.017907,1.017907,1.017907,1.017907,1.017907,1.017907,1.017907,1.017907,1.017907,1.017907
-151.057442,-99.133013,-90.898587,-90.898587,-90.898587,-90.898587,-90.898587,-90.898587,-89.045748,-76.788602,-76.788602,-76.788602,-76.788602,-44.890582,-44.890582,-17.395636,-17.395636,-17.395636,-17.395636,-17.395636,-17.395636,-17.395636,-17.395636,-17.395636,-17.395636,-15.709506,-15.709506,-15.676331,-15.676331,-15.676331,-13.251509,-11.499351,-5.145730,-5.145730,-5.145730,-5.145730,0.516198,0.516198,0.516198,0.516198,0.516198,0.516198,0.809179,0.809179,0.809179,0.809179,0.809179,0.809179,0.877418,0.877418,0.877418,0.897853,0.897853,1.025648,1.025648,1.025648,1.025648,1.025648,1.025648,1.025648,1.025648,1.025648,1.034158,1.034158,1.034158,1.034158,1.040667,1.040667,1.040667,1.040667,1.040667,1.040667,1.040667,1.040667,1.040667,1.040667,1.040667,1.040667,1.040667,1.040667,1.040667,1.040667,1.040667,1.040667,1.040667,1.040667,1.040667,1.040667,1.042664,1.042664,1.042664,1.042664,1.042664,1.049194,1.049194,1.049194,1.049194,1.049194,1.049194,1.049194,1.049194,1.049194,1.049194,1.049194,1.049194,1.049194,1.049194,1.049194,1.049194,1.049194,1.049194,1.051204,1.051204,1.051204,1.051204,1.051204,1.051204,1.051204,1.051204,1.051204
-341.272409,-341.272409,-326.546821,-325.796238,-305.079912,-305.079912,-305.079912,-305.079912,-286.633902,-269.852498,-269.852498,-252.509200,-252.509200,-252.509200,-225.618032,-225.618032,-225.618032,-225.618032,-224.708067,-224.708067,-202.483948,-202.483948,-173.409412,-173.409412,-173.409412,-173.409412,-173.409412,-173.409412,-173.409412,-173.409412,-170.156081,-170.156081,-170.156081,-165.829265,-165.829265,-165.829265,-165.829265,-163.973760,-163.973760,-163.973760,-146.798276,-146.798276,-146.798276,-146.798276,-97.441903,-97.441903,-97.441903,-97.441903,-97.441903,-97.441903,-97.441903,-97.441903,-97.441903,-97.441903,-97.441903,-97.441903,-97.441903,-97.441903,-97.441903,-97.441903,-97.441903,-97.441903,-97.441903,-97.441903,-97.441903,-97.441903,-97.441903,-97.441903,-97.441903,-97.441903,-97.441903,-97.441903,-97.441903,-97.441903,-97.441903,-97.441903,-97.441903,-97.441903,-97.441903,-97.441903,-97.441903,-97.441903,-97.441903,-97.441903,-97.441903,-97.441903,-97.441903,-97.441903,-97.441903,-97.441903,-97.441903,-97.441903,-97.441903,-97.441903,-97.441903,-97.441903,-97.299331,-97.299331,-91.059508,-91.059508,-91.059508,-91.059508,-91.059508,-91.059508,-91.059508,-91.059508,-91.059508,-91.059508,-91.059508,-91.059508,-91.059508,-63.586200,-63.586200,-63.586200,-63.586200,-63.586200,-63.586200,-63.586200,-63.586200,-63.586200
-393.651929,-374.939947,-374.939947,-357.260343,-357.260343,-302.129403,-302.129403,-302.129403,-301.387670,-288.228306,-288.228306,-281.817550,-281.817550,-243.031934,-243.031934,-215.479862,-215.479862,-210.185899,-210.185899,-210.185899,-210.185899,-210.185899,-210.185899,-210.185899,-210.185899,-210.185899,-178.937911,-178.937911,-178.937911,-178.937911,-171.398814,-171.398814,-171.398814,-171.398814,-171.398814,-171.398814,-171.398814,-171.398814,-171.398814,-171.398814,-171.398814,-171.398814,-171.398814,-171.398814,-171.398814,-147.115363,-147.115363,-147.115363,-147.115363,-147.115363,-147.115363,-147.115363,-147.115363,-147.115363,-147.115363,-147.115363,-147.115363,-142.794777,-142.794777,-142.794777,-142.794777,-135.377190,-135.377190,-135.377190,-135.377190,-135.377190,-135.377190,-135.377190,-131.940083,-131.940083,-131.940083,-131.940083,-117.203047,-117.203047,-111.486102,-111.486102,-111.486102,-111.486102,-111.486102,-111.486102,-111.486102,-111.486102,-111.486102,-111.486102,-111.486102,-111.486102,-111.486102,-111.486102,-111.486102,-111.486102,-111.486102,-111.486102,-111.486102,-111.486102,-102.683438,-102.683438,-102.683438,-102.683438,-102.683438,-102.683438,-102.683438,-102.683438,-102.683438,-102.683438,-102.683438,-102.683438,-84.212395,-84.212395,-84.212395,-84.212395,-84.212395,-84.212395,-84.212395,-84.212395,-84.212395,-84.212395,-84.212395,-84.212395,-84.212395,-84.212395
-135.525512,-135.525512,-135.525512,-122.238994,-122.238994,-98.227507,-98.227507,-98.227507,-98.227507,-94.593928,-88.126315,-85.724950,-85.724950,-81.203836,-81.203836,-55.449862,-53.749054,-53.749054,-53.749054,-53.749054,-53.749054,-53.749054,-53.749054,-53.749054,-43.222986,-43.222986,-43.222986,-43.222986,-43.222986,-32.459416,-25.103562,-25.103562,-25.103562,-18.951569,-18.951569,-17.499623,0.753272,0.753272,0.753272,0.753272,0.753272,0.753272,0.753272,0.753272,0.753272,0.753272,0.753272,0.753272,0.753272,0.753272,0.753272,0.753272,0.753272,0.753272,0.916647,0.916647,0.916647,0.916647,0.916647,0.916647,0.916647,0.916647,0.916647,0.917647,0.917647,0.917647,0.917647,0.917647,0.939120,0.953409,0.953409,0.953409,0.953409,0.953409,0.953409,0.953409,0.953409,0.953409,0.969331,0.969331,0.969331,0.969331,0.969331,0.969331,0.969331,0.969331,0.969331,0.974038,1.008128,1.008128,1.008128,1.008128,1.008128,1.008128,1.008128,1.008128,1.008128,1.008128,1.008128,1.040243,1.040243,1.040243,1.040243,1.040243,1.040243,1.040243,1.040243,1.040243,1.040243,1.040243,1.040243,1.040243,1.040243,1.040243,1.040243,1.040243,1.044806,1.044806,1.044806,1.044806
-153.980599,-143.126630,-109.584241,-109.584241,-85.425592,-85.425592,-85.425592,-85.425592,-79.476756,-79.476756,-57.349279,-57.349279,-57.349279,-57.349279,-57.349279,-7.712040,-7.712040,-7.712040,-7.712040,-7.712040,-7.712040,-7.712040,-7.712040,-7.712040,0.887355,0.887355,0.887355,0.887355,0.887355,0.887355,0.887355,0.887355,0.887355,0.895114,0.895114,0.895114,0.895114,0.895114,0.895114,0.953571,0.953571,0.953571,0.953571,0.953571,0.953571,0.953571,0.953571,1.035719,1.035719,1.035719,1.035719,1.035719,1.035719,1.035719,1.035719,1.035719,1.035719,1.035719,1.035719,1.035719,1.035719,1.035719,1.035719,1.035719,1.035719,1.035719,1.046857,1.046857,1.046857,1.046857,1.046857,1.077130,1.077130,1.077130,1.077130,1.077130,1.077130,1.077130,1.077130,1.077130,1.077130,1.077130,1.077130,1.077130,1.077130,1.077130,1.077130,1.077130,1.077130,1.077130,1.078137,1.078137,1.078137,1.078137,1.078137,1.078137,1.078137,1.078357,1.078357,1.078357,1.078357,1.078357,1.078357,1.078357,1.078357,1.080277,1.080277,1.080277,1.080277,1.080756,1.080756,1.080756,1.080756,1.080756,1.080756,1.080756,1.080756,1.080756,1.080756,1.080756
-160.163855,-126.654465,-126.654465,-95.555512,-92.645740,-92.645740,-92.645740,-80.448311,-80.448311,-80.448311,-74.990815,-62.214300,-53.634715,-53.634715,-51.204423,-44.309402,-44.309402,-44.309402,-44.309402,-44.309402,-44.309402,-33.478639,-18.399475,-18.399475,-18.399475,-18.399475,-18.399475,-18.399475,-18.399475,-18.399475,-17.941686,-10.144329,-10.144329,-6.598280,-6.598280,0.953433,0.953433,0.953433,0.953433,0.953433,0.953433,0.960881,0.960881,0.960881,0.960881,0.960881,0.961750,0.961750,0.961750,0.961750,0.961750,0.961750,0.961750,0.961750,0.961750,0.961750,0.961750,0.961750,0.961750,0.963134,0.963134,0.963134,0.963134,1.020374,1.020374,1.020374,1.020374,1.020374,1.020374,1.020374,1.020374,1.020374,1.025256,1.026078,1.026078,1.036221,1.036221,1.036221,1.036221,1.036221,1.036221,1.061475,1.061475,1.061475,1.061475,1.061475,1.061475,1.061475,1.061475,1.061475,1.061475,1.061475,1.061475,1.061475,1.061475,1.061475,1.061475,1.061475,1.061475,1.075256,1.075256,1.075256,1.075256,1.075256,1.075256,1.075256,1.075256,1.075256,1.096841,1.096841,1.096841,1.096841,1.096841,1.096841,1.096841,1.096841,1.096841,1.096841,1.096841,1.096841
-114.319534,-106.955748,-94.036213,-78.520071,-78.520071,-69.628975,-69.628975,-68.852466,-68.852466,-68.852466,-68.852466,-57.541845,-57.541845,-47.559110,-47.559110,-44.475793,-43.051755,-43.051755,-37.626873,-18.862095,-18.862095,-6.945525,-6.945525,-2.671325,-2.671325,-2.671325,-2.671325,-2.671325,-2.671325,-1.043542,-1.043542,-1.043542,0.977942,0.977942,0.977942,0.977942,0.977942,0.977942,0.977942,0.977942,0.981570,0.981570,0.981570,0.981570,1.050090,1.050090,1.050090,1.050090,1.050090,1.050090,1.050090,1.050090,1.057127,1.057127,1.057127,1.057127,1.057127,1.057127,1.067344,1.067344,1.067344,1.067344,1.067344,1.067344,1.067344,1.067344,1.067344,1.067344,1.067344,1.067344,1.067344,1.067344,1.067344,1.067344,1.067344,1.067344,1.067344,1.067344,1.067344,1.067740,1.067740,1.067740,1.067740,1.071819,1.075205,1.082520,1.082520,1.082520,1.097168,1.097168,1.097168,1.097168,1.097168,1.097168,1.097168,1.097168,1.097168,1.097168,1.097168,1.097168,1.097168,1.097168,1.097168,1.097168,1.097168,1.097168,1.097168,1.097168,1.097168,1.117778,1.117778,1.117778,1.117778,1.117778,1.117778,1.117778,1.117778,1.117778,1.117778,1.117778
-343.636660,-330.984747,-301.274219,-301.274219,-300.798202,-300.798202,-285.299684,-285.299684,-264.352345,-264.352345,-235.746775,-235.746775,-235.746775,-235.746775,-235.746775,-235.746775,-217.192634,-217.192634,-216.125674,-214.747461,-214.747461,-177.583404,-177.583404,-177.583404,-177.583404,-177.583404,-167.598206,-105.589644,-105.589644,-105.589644,-105.589644,-105.589644,-102.741647,-102.741647,-102.741647,-102.741647,-102.741647,-102.741647,-102.741647,-102.741647,-102.741647,-102.741647,-92.862932,-92.862932,-92.862932,-92.862932,-92.862932,-90.994922,-90.994922,-90.994922,-90.994922,-90.994922,-90.994922,-76.965901,-76.965901,-76.965901,-76.965901,-76.965901,-76.965901,-76.965901,-76.965901,-76.965901,-76.965901,-76.965901,-76.965901,-76.965901,-76.965901,-76.965901,-70.798770,-70.798770,-70.798770,-70.798770,-70.798770,-70.798770,-70.798770,-70.798770,-70.798770,-70.798770,-70.798770,-70.798770,-70.798770,-70.798770,-70.798770,-70.798770,-70.798770,-70.798770,-70.798770,-70.798770,-70.798770,-70.798770,-70.798770,-70.798770,-70.798770,-70.798770,-70.798770,-70.798770,-70.798770,-70.798770,-70.798770,-70.798770,-70.798770,-70.798770,-70.798770,-70.798770,-70.798770,-70.798770,-70.798770,-70.798770,-69.652439,-69.652439,-69.652439,-69.652439,-69.652439,-69.652439,-69.652439,-69.652439,-69.652439,-69.652439,-69.652439,-69.652439
-352.047013,-352.047013,-352.047013,-346.808096,-324.018300,-324.018300,-324.018300,-324.018300,-324.018300,-324.018300,-324.018300,-317.596481,-282.675605,-282.675605,-282.675605,-282.675605,-282.675605,-266.850956,-266.850956,-266.850956,-266.850956,-266.850956,-228.904077,-195.359846,-195.359846,-195.359846,-195.359846,-195.359846,-195.359846,-195.359846,-195.359846,-195.359846,-195.359846,-183.219117,-183.219117,-183.219117,-183.219117,-175.944371,-175.944371,-175.944371,-175.944371,-175.944371,-175.944371,-175.944371,-169.987704,-169.987704,-169.987704,-169.987704,-169.987704,-169.987704,-169.987704,-169.987704,-153.812003,-148.348460,-148.348460,-147.372482,-120.532079,-120.532079,-120.532079,-120.532079,-120.532079,-120.532079,-120.532079,-120.532079,-120.532079,-120.532079,-120.532079,-120.532079,-120.532079,-120.532079,-120.532079,-114.646783,-114.646783,-114.646783,-114.646783,-108.760628,-108.760628,-106.741919,-106.741919,-106.741919,-106.741919,-106.741919,-106.741919,-106.741919,-106.741919,-106.741919,-106.741919,-106.741919,-106.741919,-106.741919,-106.741919,-106.741919,-106.741919,-106.741919,-106.741919,-106.741919,-106.741919,-106.741919,-106.741919,-106.741919,-106.741919,-106.741919,-97.021793,-97.021793,-97.021793,-97.021793,-97.021793,-97.021793,-97.021793,-97.021793,-97.021793,-97.021793,-97.021793,-97.021793,-95.234208,-95.234208,-95.234208,-95.234208,-95.234208,-95.234208
-339.486700,-302.517217,-302.517217,-296.799228,-261.750670,-261.750670,-261.750670,-258.109989,-258.109989,-258.109989,-258.109989,-256.260629,-233.946990,-220.691709,-220.691709,-214.420647,-214.420647,-214.420647,-208.905807,-208.905807,-208.905807,-193.007058,-193.007058,-193.007058,-179.213238,-179.213238,-179.213238,-179.213238,-179.213238,-179.213238,-167.987360,-162.982957,-162.982957,-116.799712,-116.799712,-116.799712,-116.799712,-116.799712,-116.799712,-116.799712,-116.799712,-116.799712,-116.799712,-116.799712,-116.799712,-116.799712,-116.799712,-116.799712,-108.066680,-108.066680,-108.066680,-108.066680,-108.066680,-87.306825,-87.306825,-87.306825,-87.306825,-80.360242,-80.360242,-80.360242,-80.360242,-80.360242,-80.360242,-80.360242,-80.360242,-80.360242,-80.360242,-80.360242,-80.360242,-80.360242,-55.974544,-55.974544,-55.974544,-55.974544,-55.974544,-55.170385,-55.170385,-55.170385,-55.170385,-55.170385,-55.170385,-55.170385,-55.170385,-55.170385,-55.170385,-55.170385,-55.170385,-55.170385,-55.170385,-55.170385,-55.170385,-55.170385,-55.170385,-55.170385,-55.170385,-55.170385,-55.170385,-55.170385,-55.170385,-55.170385,-55.170385,-55.170385,-55.170385,-55.170385,-55.170385,-55.170385,-55.170385,-55.170385,-55.170385,-55.170385,-55.170385,-55.170385,-55.170385,-55.170385,-55.170385,-55.170385,-55.170385,-55.170385,-50.609629,-49.618449
-261.848684,-261.848684,-261.848684,-261.848684,-261.848684,-261.848684,-261.848684,-261.848684,-261.848684,-261.848684,-228.504196,-228.504196,-228.504196,-215.854436,-215.854436,-215.854436,-215.854436,-215.854436,-215.854436,-212.660264,-177.185800,-177.185800,-167.844098,-167.844098,-167.844098,-152.360687,-152.360687,-140.443829,-140.443829,-140.443829,-140.443829,-140.443829,-120.483443,-120.483443,-120.483443,-120.483443,-120.483443,-120.483443,-120.483443,-120.483443,-120.483443,-105.777913,-105.777913,-105.777913,-99.718708,-99.718708,-99.718708,-99.718708,-99.718708,-99.718708,-99.718708,-99.718708,-99.718708,-79.631994,-79.631994,-79.631994,-79.631994,-79.631994,-79.631994,-79.631994,-79.631994,-79.631994,-79.631994,-79.631994,-79.631994,-70.973428,-70.973428,-70.973428,-70.973428,-70.973428,-70.973428,-70.973428,-70.973428,-70.973428,-70.973428,-70.973428,-70.973428,-70.973428,-70.973428,-69.368707,-69.368707,-69.368707,-69.368707,-69.368707,-68.216248,-68.216248,-68.216248,-68.216248,-68.216248,-68.216248,-68.216248,-60.056415,-57.351118,-49.707063,-49.707063,-49.707063,-49.707063,-49.707063,-49.707063,-49.707063,-49.707063,-49.707063,-49.707063,-49.707063,-49.707063,-49.707063,-49.707063,-49.707063,-49.707063,-49.707063,-49.707063,-49.707063,-49.707063,-49.707063,-49.707063,-49.707063,-49.386605,-49.386605,-49.386605,-49.386605
-266.600752,-266.600752,-266.600752,-266.600752,-266.600752,-266.600752,-251.313955,-222.447598,-222.447598,-222.447598,-222.447598,-222.447598,-222.447598,-212.497236,-212.497236,-212.497236,-212.497236,-212.497236,-202.357219,-201.111788,-187.617825,-187.617825,-187.617825,-187.617825,-167.353938,-167.353938,-167.353938,-161.422672,-161.422672,-161.318408,-161.318408,-158.885376,-132.179484,-132.179484,-123.841338,-123.841338,-123.841338,-123.841338,-123.841338,-123.841338,-97.896189,-97.896189,-97.896189,-97.896189,-97.896189,-97.896189,-97.896189,-97.896189,-97.896189,-96.465352,-96.465352,-96.465352,-96.465352,-96.465352,-96.465352,-96.465352,-96.465352,-92.017278,-92.017278,-92.017278,-92.017278,-92.017278,-92.017278,-92.017278,-92.017278,-90.741577,-90.741577,-90.741577,-90.741577,-90.741577,-81.818484,-81.818484,-81.818484,-78.443981,-78.443981,-78.443981,-78.443981,-78.264831,-78.264831,-73.674191,-59.872564,-59.872564,-59.872564,-59.872564,-59.872564,-59.872564,-59.872564,-59.872564,-59.872564,-59.872564,-59.872564,-59.872564,-59.872564,-59.872564,-59.872564,-59.872564,-59.872564,-52.816727,-52.816727,-52.816727,-52.816727,-52.816727,-52.816727,-52.816727,-52.816727,-52.816727,-52.816727,-52.816727,-52.816727,-52.816727,-52.816727,-52.816727,-52.816727,-52.816727,-52.816727,-52.816727,-52.816727,-52.816727,-52.816727,-52.816727
-331.446792,-331.446792,-329.699383,-317.378158,-317.378158,-317.378158,-267.426127,-267.426127,-267.426127,-264.184639,-264.184639,-264.184639,-264.184639,-264.184639,-247.307041,-247.307041,-247.307041,-247.307041,-243.713477,-221.786066,-221.786066,-219.375249,-216.179782,-181.764503,-181.764503,-181.764503,-150.892310,-150.892310,-150.892310,-150.892310,-150.892310,-150.892310,-150.892310,-150.892310,-150.892310,-150.892310,-150.892310,-150.892310,-142.001406,-142.001406,-142.001406,-142.001406,-142.001406,-142.001406,-119.902270,-119.902270,-119.902270,-119.902270,-96.896572,-96.896572,-96.896572,-96.896572,-96.896572,-96.896572,-91.957557,-91.957557,-91.957557,-91.957557,-91.957557,-91.957557,-91.957557,-91.957557,-91.957557,-91.957557,-91.957557,-91.957557,-91.957557,-91.957557,-91.957557,-91.957557,-91.957557,-91.957557,-91.957557,-83.320307,-83.320307,-83.320307,-83.320307,-83.320307,-81.087654,-81.087654,-81.087654,-81.087654,-81.087654,-81.087654,-81.087654,-81.087654,-81.087654,-81.087654,-81.087654,-74.740627,-74.740627,-74.740627,-74.740627,-74.740627,-74.740627,-74.740627,-74.740627,-74.740627,-74.740627,-74.740627,-74.740627,-74.740627,-74.740627,-74.740627,-74.740627,-74.740627,-74.740627,-74.740627,-74.740627,-74.740627,-69.848904,-69.848904,-69.848904,-69.848904,-69.848904,-63.939449,-63.939449,-63.939449,-63.939449,-63.939449
-138.045364,-132.492926,-115.323204,-115.080582,-101.958878,-99.418024,-99.418024,-99.418024,-99.418024,-95.111126,-85.785914,-85.785914,-59.661172,-59.661172,-59.661172,-59.661172,-59.661172,-48.698449,-48.698449,-46.729965,-46.729965,-46.729965,-45.651683,-45.651683,-32.967078,-32.967078,-32.967078,0.901740,0.901740,0.901740,0.901740,0.901740,0.901740,0.901740,1.039363,1.039363,1.039363,1.039363,1.039363,1.039363,1.039363,1.039363,1.039363,1.039363,1.039363,1.039363,1.039363,1.039363,1.039363,1.046191,1.046191,1.050519,1.067240,1.067240,1.081611,1.081611,1.081611,1.081922,1.081922,1.090535,1.090535,1.090535,1.090535,1.090535,1.090535,1.090535,1.090535,1.090535,1.090535,1.090535,1.090535,1.090535,1.090535,1.090535,1.090535,1.090535,1.090535,1.090535,1.090535,1.090535,1.090535,1.090535,1.090535,1.090535,1.090535,1.090535,1.090535,1.090535,1.090535,1.090535,1.090535,1.090535,1.090535,1.090535,1.090535,1.090535,1.090535,1.090535,1.090535,1.096088,1.096088,1.096088,1.096088,1.096088,1.096088,1.096088,1.096088,1.096088,1.096088,1.096088,1.096088,1.096088,1.096088,1.096088,1.096088,1.097795,1.097795,1.097795,1.097795,1.097795
-321.658728,-274.233756,-274.233756,-257.417833,-247.592149,-247.592149,-218.466420,-218.466420,-218.466420,-217.321856,-217.321856,-212.921076,-212.921076,-210.862191,-201.706933,-201.706933,-201.706933,-201.706933,-196.208785,-196.208785,-167.244922,-167.244922,-167.244922,-167.244922,-162.226936,-162.226936,-157.053713,-119.775524,-119.127741,-119.127741,-119.127741,-119.127741,-119.127741,-119.127741,-119.127741,-119.127741,-119.127741,-112.615088,-112.615088,-101.668032,-101.668032,-96.216119,-96.216119,-96.216119,-96.216119,-96.216119,-96.216119,-66.032250,-66.032250,-66.032250,-66.032250,-66.032250,-66.032250,-66.032250,-66.032250,-66.032250,-52.570346,-52.570346,-52.570346,-52.570346,-52.570346,-52.570346,-52.570346,-52.570346,-52.570346,-52.570346,-52.570346,-52.570346,-52.570346,-52.570346,-35.963536,-35.963536,-35.963536,-35.963536,-35.963536,-35.963536,-35.963536,-35.963536,-35.963536,-35.963536,-35.963536,-35.963536,-35.963536,-35.963536,-35.963536,-35.963536,-35.963536,-35.963536,-35.963536,-35.963536,-35.963536,-35.963536,-35.963536,-35.963536,-34.107354,-34.107354,-34.107354,-34.107354,-34.107354,-27.560112,-27.560112,-27.560112,-27.560112,-27.560112,-27.560112,-27.560112,-27.560112,-27.560112,-27.560112,-27.560112,-27.560112,-27.560112,-27.560112,-27.560112,-27.560112,-27.560112,-27.560112,-27.560112,-27.560112,-27.560112
-163.845573,-115.879434,-115.879434,-91.555811,-85.463538,-85.463538,-85.463538,-85.463538,-85.463538,-85.463538,-85.463538,-78.924668,-71.711989,-45.024746,-45.024746,-30.466166,-30.466166,-30.466166,-30.466166,-30.466166,-30.466166,-19.450907,-19.450907,-19.450907,-19.450907,-19.450907,-8.046704,-8.046704,-8.046704,-8.046704,-8.046704,-8.046704,-8.046704,-8.046704,-8.046704,-3.363277,-3.363277,-2.020150,-2.020150,-2.020150,-2.020150,-2.020150,-2.020150,0.398617,0.398617,0.398617,0.398617,1.080904,1.080904,1.080904,1.080904,1.080904,1.080904,1.080904,1.080904,1.083254,1.089537,1.089537,1.089537,1.089537,1.089537,1.089537,1.089537,1.089537,1.092316,1.092316,1.092316,1.092316,1.092789,1.092789,1.092789,1.092789,1.092789,1.092789,1.092789,1.096702,1.096702,1.096702,1.096702,1.096702,1.096702,1.096702,1.096702,1.096702,1.096702,1.105091,1.105091,1.105091,1.105091,1.105091,1.105091,1.105091,1.105091,1.105091,1.105091,1.105091,1.108435,1.108435,1.108435,1.108435,1.108435,1.108435,1.108435,1.108435,1.108435,1.108435,1.108435,1.108435,1.108435,1.108435,1.108435,1.108435,1.108435,1.108435,1.108435,1.108435,1.112075,1.112075,1.112075,1.112075
-125.949958,-116.590726,-116.590726,-96.154833,-76.560701,-76.560701,-76.560701,-76.560701,-29.484536,-29.484536,-29.484536,-29.484536,-29.484536,-29.484536,-29.484536,-29.484536,-29.484536,-24.079806,-18.986560,-18.986560,-18.880245,-18.880245,-18.880245,-18.431656,-18.431656,-18.431656,-18.431656,-18.431656,-18.431656,-0.807870,-0.807870,-0.807870,-0.807870,-0.807870,0.923975,0.923975,0.923975,0.924585,0.925070,0.980740,0.980740,0.980740,0.980740,0.980740,0.980740,0.980740,0.980740,0.980740,0.980740,0.980740,0.980740,0.980740,1.033768,1.033768,1.033768,1.033768,1.033768,1.033768,1.033768,1.033768,1.033768,1.033768,1.033768,1.033768,1.033768,1.033768,1.033768,1.033768,1.033768,1.033768,1.033768,1.033768,1.033768,1.033768,1.033768,1.033768,1.035968,1.035968,1.036756,1.036756,1.036756,1.058865,1.058865,1.058865,1.058865,1.058865,1.066494,1.066494,1.066494,1.066494,1.066494,1.066494,1.066494,1.066494,1.066494,1.066494,1.066494,1.066494,1.066494,1.066494,1.070077,1.070077,1.070077,1.070077,1.070077,1.071346,1.071346,1.071346,1.071346,1.071346,1.071346,1.080271,1.098609,1.098609,1.098609,1.098609,1.098609,1.098609,1.098609,1.098609
-348.104028,-348.104028,-343.489527,-252.642449,-252.642449,-252.642449,-252.642449,-252.642449,-209.972059,-209.972059,-209.972059,-209.972059,-209.972059,-209.972059,-209.972059,-209.972059,-209.972059,-209.972059,-209.972059,-209.972059,-209.972059,-209.972059,-209.972059,-209.972059,-209.972059,-209.972059,-198.225296,-198.225296,-198.225296,-198.225296,-198.225296,-198.225296,-192.902070,-192.902070,-181.724037,-181.724037,-181.724037,-171.679322,-141.983265,-141.983265,-141.983265,-141.983265,-141.983265,-141.983265,-141.983265,-141.195144,-141.195144,-141.195144,-141.195144,-141.195144,-141.195144,-141.195144,-141.195144,-133.532025,-133.532025,-133.532025,-130.542623,-130.542623,-130.542623,-130.542623,-125.488712,-125.488712,-125.488712,-125.488712,-125.432631,-125.432631,-113.250470,-113.250470,-113.250470,-113.250470,-113.250470,-113.250470,-113.250470,-113.250470,-113.250470,-113.250470,-113.250470,-107.732398,-107.732398,-107.732398,-107.732398,-107.732398,-107.732398,-107.732398,-107.732398,-107.732398,-107.732398,-107.732398,-107.732398,-107.732398,-107.732398,-107.732398,-107.732398,-107.732398,-107.732398,-107.732398,-104.864199,-104.864199,-104.864199,-104.864199,-104.864199,-104.864199,-104.864199,-104.864199,-104.864199,-104.864199,-104.864199,-104.864199,-104.864199,-104.864199,-93.172499,-93.172499,-93.172499,-93.172499,-93.172499,-93.172499,-93.172499,-93.172499,-93.172499,-93.172499
-115.627265,-115.627265,-108.239356,-75.808618,-72.902415,-72.902415,-72.902415,-72.902415,-61.454563,-61.454563,-11.583773,-11.583773,-11.583773,-11.583773,-11.583773,-7.807395,-7.807395,-7.807395,-7.807395,-7.807395,0.850293,0.850293,0.903102,0.903102,0.903102,0.930897,0.930897,0.930897,0.930897,0.930897,0.930897,0.930897,0.930897,0.930897,0.932095,0.932095,0.932095,0.932095,0.997364,0.997364,0.997364,0.997364,0.997364,0.997364,0.997364,0.997364,1.027342,1.027342,1.027342,1.027342,1.027342,1.027342,1.027342,1.027342,1.027342,1.027342,1.027342,1.027342,1.027342,1.027342,1.027342,1.027342,1.027342,1.027342,1.027342,1.027342,1.027342,1.027342,1.028104,1.028104,1.028104,1.028104,1.028104,1.028104,1.028104,1.028104,1.028104,1.028104,1.028104,1.028104,1.028104,1.028104,1.028104,1.028104,1.028104,1.028104,1.028104,1.030462,1.030462,1.030462,1.030462,1.030462,1.097789,1.102614,1.102614,1.102614,1.107265,1.107265,1.107265,1.107265,1.107265,1.107265,1.107265,1.107265,1.107265,1.107265,1.115134,1.115134,1.115134,1.115134,1.115134,1.115134,1.115134,1.121481,1.121481,1.121481,1.121481,1.121481,1.121481,1.121481
-364.264773,-340.743530,-334.801404,-333.820309,-285.400744,-285.400744,-285.400744,-285.400744,-281.319695,-281.319695,-273.981826,-273.981826,-246.083130,-246.083130,-246.083130,-246.083130,-227.902142,-227.902142,-227.902142,-227.902142,-227.902142,-227.902142,-227.902142,-227.349230,-227.349230,-184.548797,-184.548797,-184.548797,-184.548797,-184.548797,-184.548797,-184.548797,-184.548797,-184.548797,-184.548797,-141.939227,-141.939227,-141.939227,-141.939227,-141.939227,-141.939227,-141.939227,-141.939227,-141.939227,-141.939227,-141.939227,-141.939227,-127.710934,-127.710934,-127.710934,-127.710934,-127.710934,-127.710934,-127.710934,-127.710934,-127.710934,-121.428254,-121.428254,-121.428254,-121.428254,-121.428254,-121.428254,-121.428254,-121.428254,-121.428254,-116.438490,-116.025142,-116.025142,-106.767391,-106.767391,-106.767391,-106.767391,-106.767391,-106.767391,-106.767391,-106.767391,-106.767391,-87.164004,-87.164004,-87.164004,-87.164004,-87.164004,-87.164004,-87.164004,-81.164004,-81.164004,-81.164004,-81.164004,-81.164004,-81.164004,-81.164004,-81.164004,-81.164004,-81.164004,-81.164004,-71.487116,-71.487116,-71.487116,-71.487116,-71.487116,-71.487116,-71.487116,-71.487116,-71.487116,-71.487116,-71.487116,-71.487116,-71.487116,-71.487116,-69.858386,-69.858386,-69.858386,-69.858386,-69.858386,-69.858386,-69.858386,-57.950423,-57.950423,-57.950423,-57.950423
-132.534561,-113.761398,-110.540664,-110.540664,-96.297024,-96.297024,-96.297024,-86.614501,-81.928019,-48.243771,-48.243771,-37.434528,-33.193171,-33.193171,-33.193171,-33.193171,-33.193171,-33.193171,-33.193171,-33.193171,-31.577189,-18.968401,-17.900133,-9.883715,-3.539887,-3.539887,-3.539887,-3.539887,-1.996993,-1.996993,-0.908233,0.940281,0.940281,0.940281,0.940281,0.940281,0.940281,0.940281,0.940281,0.940281,0.940281,0.940281,0.940281,0.941098,0.941098,0.941098,0.941098,0.968289,0.968289,0.968289,0.968289,0.968289,0.968289,0.968289,0.968289,0.968289,0.968289,0.968716,0.968716,0.968882,0.968882,1.007300,1.007300,1.007300,1.007300,1.007300,1.007300,1.007300,1.007300,1.007300,1.007300,1.007300,1.007300,1.007300,1.007300,1.007300,1.007300,1.007300,1.007300,1.007300,1.007300,1.007300,1.022892,1.022892,1.022892,1.022892,1.022892,1.022892,1.022892,1.022892,1.022892,1.025666,1.025666,1.025666,1.025666,1.025666,1.039856,1.039856,1.039856,1.039856,1.039856,1.039856,1.039856,1.039856,1.039856,1.039856,1.039856,1.039856,1.039856,1.039856,1.039856,1.039856,1.052792,1.052792,1.052792,1.052792,1.052792,1.052792,1.052792,1.052792
-323.122953,-323.122953,-323.122953,-298.857737,-298.857737,-298.857737,-298.857737,-298.857737,-298.857737,-298.857737,-255.691399,-255.691399,-201.627338,-201.627338,-201.627338,-201.627338,-201.627338,-201.627338,-201.627338,-201.627338,-201.627338,-201.627338,-201.627338,-201.627338,-201.627338,-195.715028,-195.715028,-195.715028,-195.715028,-195.715028,-185.840516,-158.148465,-158.148465,-158.148465,-114.747464,-114.747464,-114.747464,-114.747464,-114.747464,-114.747464,-114.747464,-114.747464,-114.747464,-114.747464,-114.747464,-114.747464,-114.747464,-114.747464,-114.747464,-114.747464,-88.652279,-88.652279,-88.652279,-88.652279,-88.652279,-84.840116,-84.840116,-84.840116,-84.840116,-84.840116,-84.840116,-73.142796,-73.142796,-73.142796,-73.142796,-66.903442,-66.903442,-66.903442,-66.903442,-66.903442,-66.903442,-66.903442,-66.903442,-65.455037,-65.455037,-65.455037,-65.455037,-65.455037,-65.455037,-65.455037,-65.455037,-65.455037,-65.455037,-65.455037,-65.455037,-65.455037,-65.455037,-65.455037,-65.455037,-65.455037,-65.455037,-65.455037,-65.455037,-65.455037,-65.455037,-65.455037,-65.455037,-65.455037,-65.455037,-65.455037,-65.455037,-65.455037,-65.455037,-65.455037,-65.455037,-65.455037,-65.455037,-65.455037,-65.455037,-65.455037,-65.455037,-65.455037,-65.455037,-65.455037,-65.455037,-65.455037,-65.455037,-65.455037,-65.455037,-65.455037
-91.258402,-91.258402,-68.426469,-68.426469,-64.122529,-64.122529,-54.890435,-54.327403,-38.382823,-38.382823,-27.962434,-27.962434,-18.349190,-18.349190,-12.016668,-12.016668,0.952864,0.952864,0.952864,0.952864,0.952864,0.952864,0.952864,0.952864,0.952864,0.960855,0.960855,1.043382,1.043382,1.043382,1.043382,1.043382,1.043382,1.043382,1.043382,1.043382,1.043382,1.043382,1.043382,1.043382,1.043382,1.043382,1.043382,1.043382,1.043382,1.043382,1.043382,1.045593,1.045593,1.045593,1.045593,1.045593,1.045593,1.045593,1.045593,1.045593,1.045593,1.045593,1.045593,1.045593,1.045593,1.045593,1.045593,1.047036,1.047036,1.047036,1.047036,1.047036,1.047036,1.047036,1.049081,1.055845,1.055845,1.055845,1.055845,1.055845,1.061373,1.061373,1.061373,1.061373,1.061373,1.061373,1.061373,1.061373,1.061373,1.061373,1.061373,1.061373,1.061373,1.061373,1.061373,1.061373,1.061373,1.061373,1.061373,1.061373,1.061373,1.062134,1.062134,1.062134,1.062134,1.062134,1.062134,1.073863,1.073863,1.073863,1.073863,1.073863,1.073863,1.073863,1.073863,1.073863,1.088129,1.088129,1.088129,1.088129,1.088129,1.088129,1.088129,1.088129
-144.203653,-118.547124,-72.863919,-72.863919,-50.180489,-50.180489,-50.180489,-50.180489,-50.180489,-50.180489,-50.180489,-47.089210,-47.089210,-47.089210,-47.089210,-47.089210,-45.680016,-45.680016,-45.680016,-18.538160,-18.538160,-18.538160,-18.538160,-18.538160,-9.874401,-9.874401,-9.874401,-9.874401,-9.874401,-9.874401,-9.874401,-2.828189,-2.828189,-2.828189,-2.828189,-2.828189,-2.828189,-2.828189,-2.828189,0.630250,0.858695,0.858695,0.858695,0.858695,0.858695,0.858695,0.858695,0.858695,0.858695,0.858695,0.858695,0.858695,0.858695,0.859165,0.859165,0.859165,0.859165,0.865753,0.865753,0.865896,0.865896,0.865896,0.865896,0.865896,0.865896,0.865896,0.865896,0.865896,0.865896,0.865896,0.867002,0.867002,0.867002,0.900707,0.900707,0.900707,0.900707,0.900707,0.900707,0.900707,0.900707,0.900707,0.900707,0.902243,0.902243,0.902243,0.902243,0.902243,0.902243,0.902243,0.902243,0.902243,0.902243,0.902243,0.902243,0.902243,0.902243,0.902243,0.902243,0.903774,0.903774,1.018145,1.018145,1.018145,1.018145,1.018145,1.018145,1.018145,1.018145,1.018145,1.018145,1.018145,1.018145,1.018145,1.018145,1.018145,1.018145,1.018145,1.018145,1.018145
-96.555986,-96.555986,-96.555986,-84.085614,-84.085614,-63.807774,-63.807774,-63.807774,-16.527335,-16.527335,-16.527335,-16.527335,-16.527335,-16.527335,-16.527335,-16.527335,-16.527335,-14.179434,-14.179434,-14.179434,-14.179434,-14.179434,-14.179434,-4.144741,-3.007101,-1.223077,-1.223077,-1.223077,0.858277,0.913403,0.953587,0.953587,0.953587,0.953587,1.006802,1.006802,1.006802,1.006802,1.006802,1.006802,1.031271,1.031271,1.031271,1.031271,1.031271,1.044437,1.044437,1.044437,1.044437,1.044437,1.044437,1.044437,1.044437,1.044437,1.044437,1.049650,1.049650,1.049650,1.062231,1.062231,1.062231,1.062231,1.062231,1.062231,1.062231,1.062231,1.062231,1.062231,1.062231,1.062231,1.062231,1.062231,1.063635,1.063635,1.063635,1.063635,1.063635,1.063635,1.063635,1.063635,1.075991,1.075991,1.075991,1.075991,1.075991,1.075991,1.075991,1.080093,1.080093,1.080093,1.080093,1.080093,1.080093,1.080093,1.080093,1.080093,1.080093,1.080093,1.080093,1.097662,1.097662,1.097662,1.097662,1.097662,1.097662,1.097662,1.097662,1.097662,1.097662,1.097662,1.097662,1.097662,1.097662,1.097662,1.097662,1.097662,1.097662,1.097662,1.097662,1.097662
